Transaction Hash,Blockno,UnixTimestamp,DateTime (UTC),From,To,ContractAddress,Amount,Value_OUT(BNB),CurrentValue @ $639.120069040567/BNB,TxnFee(BNB),TxnFee(USD),Historical $Price/BNB,Status,ErrCode,Method
0xc262d07e216f29fd6aa2f037a2402065484f1c9915b42f3c59a5afa5df16ff34,48487706,1745045306,2025/4/19 6:48,0xf5988713400da6fc8a58ec9515e2b0df9b40b115,0xa2fde623a85444a1dda70a08f1248e00a1855d74,,0.01,0,6.39120069,0.0000315,0.020132282,591.6,,,Transfer
0x3493ffa5dd17a2cb8f89cc5d59e7f0a19b139f7a02a2fb09da2ed1bef3b6645f,48770081,1745892606,2025/4/29 2:10,0xf5988713400da6fc8a58ec9515e2b0df9b40b115,0xa2fde623a85444a1dda70a08f1248e00a1855d74,,0.0053,0,3.387336366,0.0000315,0.020132282,600.9,,,Transfer
0x47dcb11f1877185a656d385a0c53adf6c9fb2c536d66e7f471d4033f6bae222a,49203522,1746548362,2025/5/6 16:19,0xa2fde623a85444a1dda70a08f1248e00a1855d74,0x8f0eb8903aae4d170aafb84f5fdb3805008ab439,,0,0,0,0.000145171,0.092781859,602.71,,,Batch Claim Token
0x067db7353a3db8a6f893d781994d126513b5a962d2747b6edfcc9504e2dd23ce,49204023,1746549114,2025/5/6 16:31,0xa2fde623a85444a1dda70a08f1248e00a1855d74,0xd82544bf0dfe8385ef8fa34d67e6e4940cc63e16,,0,0,0,8.76E-05,0.055970141,602.71,,,Approve
0x4089e1d39f221d267e5f0f87c1fb2c074ef77204da725cf398bc486ccaa5c1c9,49204097,1746549225,2025/5/6 16:33,0xa2fde623a85444a1dda70a08f1248e00a1855d74,0xd1ca1f4dbb645710f5d5a9917aa984a47524f49a,,0,0,0,0.000477739,0.305332423,602.71,,,Swap
0x042df4f0e23a6cd0d54f7f89533e5a3fb568cffaee656e67cbc938c4f2126c39,49204194,1746549371,2025/5/6 16:36,0xa2fde623a85444a1dda70a08f1248e00a1855d74,0xd1ca1f4dbb645710f5d5a9917aa984a47524f49a,,0,0,0,0.000370469,0.236774013,602.71,,,Swap
0x0fd49151317c15a1dfe1dae6bb45f54501e0211974d77667b44c877b5e1ddd00,49204226,1746549419,2025/5/6 16:36,0xa2fde623a85444a1dda70a08f1248e00a1855d74,0xd1ca1f4dbb645710f5d5a9917aa984a47524f49a,,0,0,0,0.000619148,0.395709593,602.71,,,Swap
0x64bd93160b313f1b0dde901fd6dbcad924db72b17e3c12b683706775922f14b9,49204259,1746549468,2025/5/6 16:37,0xa2fde623a85444a1dda70a08f1248e00a1855d74,0x54b622cfdcb74f299d576516c0b2619ffd87d6fc,,0,31.85,20355.9742,0.00002625,0.016776902,602.71,,,Transfer
0x48f63a7c5d34fcbea92889823a4e8e4e88984c72e28d25f3917fbc422549e578,51256806,1749629298,2025/6/11 8:08,0xa2fde623a85444a1dda70a08f1248e00a1855d74,0x8f0eb8903aae4d170aafb84f5fdb3805008ab439,,0,0,0,1.49E-05,0.009493426,667.63,,,Batch Claim Token
0xf5a03e68e57077bd64f46757687ebd82b2a5257f42fbb99caa762dacd4c6a889,52492739,1751367340,2025/7/1 10:55,0xa2fde623a85444a1dda70a08f1248e00a1855d74,0xd82544bf0dfe8385ef8fa34d67e6e4940cc63e16,,0,0,0,8.76E-06,0.005597014,646.5,,,Approve
0x7c71d11d8c385754a0f7fe0fc4ed33becdd11040ba8ab1f6cc04deb2e4b63d65,52492743,1751367343,2025/7/1 10:55,0xa2fde623a85444a1dda70a08f1248e00a1855d74,0x47ebcf27421858d4019238620a44a4ea10ebb5d9,,0,0,0,3.28E-05,0.0209617,646.5,,,0xc0ea4b44
0x01431a5636eecd273bf906ef94d7d02f2bdbcb90e4ef4a10d168e9e6f0b04301,52493732,1751368085,2025/7/1 11:08,0xa2fde623a85444a1dda70a08f1248e00a1855d74,0x89d9ff6172463302e8b9e7ca88053c15bbef4a14,,0,14,8947.680967,0.000002625,0.00167769,646.5,,,Transfer
0x51e387170a41cc96d9ddf15c1809be0b5c5fb0df3fd72a876c0c601a283e806e,52690365,1751515572,2025/7/3 4:06,0xa2fde623a85444a1dda70a08f1248e00a1855d74,0x47ebcf27421858d4019238620a44a4ea10ebb5d9,,0,0,0,3.27E-05,0.020899626,663.75,,,0xc0ea4b44
0x23952210854dcf7e5db6e52ba7730c76f637fcecd22ad8d8da31c555e2bbf776,52690402,1751515600,2025/7/3 4:06,0xa2fde623a85444a1dda70a08f1248e00a1855d74,0x47ebcf27421858d4019238620a44a4ea10ebb5d9,,0,0,0,3.27E-05,0.020901703,663.75,,,0xc0ea4b44
0x51caa9526a97aeea86ccf155ff937e6159ae54962033e7314a758c168af56d6f,52690445,1751515632,2025/7/3 4:07,0xa2fde623a85444a1dda70a08f1248e00a1855d74,0xd82544bf0dfe8385ef8fa34d67e6e4940cc63e16,,0,0,0,8.76E-06,0.005597014,663.75,,,Approve
0x2ba56b0d249df48924997df5213ee9206a4ccb5a9a6567ede363653a5d4665d6,52690450,1751515636,2025/7/3 4:07,0xa2fde623a85444a1dda70a08f1248e00a1855d74,0x0ba6d224169bbfad4eb2d38c500d2c8e8ede696c,,0,0,0,3.87E-05,0.024764704,663.75,,,Swap
0x8bbcb9f129ed64eaa39e167961641a09552201197b73c7b11c277ca90546e681,52690469,1751515650,2025/7/3 4:07,0xa2fde623a85444a1dda70a08f1248e00a1855d74,0x0ba6d224169bbfad4eb2d38c500d2c8e8ede696c,,0,0,0,4.04E-05,0.025846175,663.75,,,Swap
0x7d2c80c0765be599db27bb18b3f65020c932293fddb99aa53c101ccd7d5d21de,52690526,1751515693,2025/7/3 4:08,0xa2fde623a85444a1dda70a08f1248e00a1855d74,0x0ba6d224169bbfad4eb2d38c500d2c8e8ede696c,,0,0,0,3.87E-05,0.024763266,663.75,,,Swap
0x5dfda6544ba45d45888e2e02ff58a21f380ce9954f197fdf48b590eace617d47,52690546,1751515708,2025/7/3 4:08,0xa2fde623a85444a1dda70a08f1248e00a1855d74,0x47ebcf27421858d4019238620a44a4ea10ebb5d9,,0,0,0,3.27E-05,0.020899306,663.75,,,0xc0ea4b44
0x9ba3fe8e8521b685dce7318d0c812ca7c156b10651c48a14eeee5a48b9834e7c,52690578,1751515732,2025/7/3 4:08,0xa2fde623a85444a1dda70a08f1248e00a1855d74,0x0ba6d224169bbfad4eb2d38c500d2c8e8ede696c,,0,0,0,3.97E-05,0.025351177,663.75,,,Swap
0xef9dddd769b613a6486b67b062d365c8989ca490b31a7217a2a22c2fbc53f6ec,52690622,1751515765,2025/7/3 4:09,0xa2fde623a85444a1dda70a08f1248e00a1855d74,0x0ba6d224169bbfad4eb2d38c500d2c8e8ede696c,,0,0,0,0.000040564,0.025925266,663.75,,,Swap
0x29a92540f2481b50caf081834e9a361db8a24d97ee2db92e0b7a4e9e1d9aa1df,52690638,1751515777,2025/7/3 4:09,0xa2fde623a85444a1dda70a08f1248e00a1855d74,0x47ebcf27421858d4019238620a44a4ea10ebb5d9,,0,0,0,3.18E-05,0.020327453,663.75,,,0xc0ea4b44
0x8c7a27a4295d0da9d3ecccac7ec43e46e974aa040b87e192aa02ee7c40b7b14a,52690658,1751515792,2025/7/3 4:09,0xa2fde623a85444a1dda70a08f1248e00a1855d74,0x47ebcf27421858d4019238620a44a4ea10ebb5d9,,0,0,0,3.27E-05,0.020900584,663.75,,,0xc0ea4b44
0xefcdd58aad18f949957d5bc94b4fae12eae1dedfbf02701508568c9e8fb0cb4e,52690682,1751515810,2025/7/3 4:10,0xa2fde623a85444a1dda70a08f1248e00a1855d74,0x47ebcf27421858d4019238620a44a4ea10ebb5d9,,0,0,0,4.09E-05,0.026130344,663.75,,,0xc0ea4b44
0x2b190b4b7d771641f0969df67aec81b9fcd011b67e5c741875b55ed8aba16fd4,52690706,1751515828,2025/7/3 4:10,0xa2fde623a85444a1dda70a08f1248e00a1855d74,0x47ebcf27421858d4019238620a44a4ea10ebb5d9,,0,0,0,4.30E-05,0.027485598,663.75,,,0xc0ea4b44
0x0db3e388bdaa5e9dc54cc96eba77c9a2057200b2c01477df159f8b7b8f55cd32,52690723,1751515841,2025/7/3 4:10,0xa2fde623a85444a1dda70a08f1248e00a1855d74,0x0ba6d224169bbfad4eb2d38c500d2c8e8ede696c,,0,0,0,5.09E-05,0.032512517,663.75,,,Swap
0x0da691fc85b423823dc6ce042e0b58c62a48a08dcb0c2fc2911b916325e7a21d,52690742,1751515855,2025/7/3 4:10,0xa2fde623a85444a1dda70a08f1248e00a1855d74,0x0ba6d224169bbfad4eb2d38c500d2c8e8ede696c,,0,0,0,4.91E-05,0.031351795,663.75,,,Swap
0x4d9491fb3a750be67666b6314a4ae81cea2794393b1f15df7f0ee6ed92aee23f,52690769,1751515875,2025/7/3 4:11,0xa2fde623a85444a1dda70a08f1248e00a1855d74,0x0ba6d224169bbfad4eb2d38c500d2c8e8ede696c,,0,0,0,3.79E-05,0.024193331,663.75,,,Swap
0x48a6fdd29bfcc4c1204b1b82f87dc994951b5ece3527cb5bf42ebd602691d5ff,52694873,1751518954,2025/7/3 5:02,0xa2fde623a85444a1dda70a08f1248e00a1855d74,0xf192caa88de21f3d765fa755ee887627b51695ff,,0,106,67746.72732,0.000002625,0.00167769,663.75,,,Transfer
0x4e44922da6c3fb4b92d85340cd9d67f2a4d10ef968f49362517a0274f7e7365b,53150644,1751860799,2025/7/7 3:59,0xa2fde623a85444a1dda70a08f1248e00a1855d74,0x8f0eb8903aae4d170aafb84f5fdb3805008ab439,,0,0,0,1.49E-05,0.009493426,661.03,,,Batch Claim Token
0x2e09f84ac3938f0fb62daec89dca55d2023f19b525c56e6778882aa4c5d319d9,53275684,1751954585,2025/7/8 6:03,0xa2fde623a85444a1dda70a08f1248e00a1855d74,0x47ebcf27421858d4019238620a44a4ea10ebb5d9,,0,0,0,3.59E-05,0.022946647,660.7,,,0xc0ea4b44
0x1b9a68475be28bc727840a94a944c260d82e0665a370c73c1bef44b8070be09e,53275733,1751954622,2025/7/8 6:03,0xa2fde623a85444a1dda70a08f1248e00a1855d74,0xb3b7cfb3b94a609bf60f1cc95a3365b18900bd5c,,0,13.1,8372.472904,0.000002625,0.00167769,660.7,,,Transfer
0xfdf2d6654402fffe06791eef209f8a7a8542e056f0aff59cb99fcff802387f17,53287896,1751963745,2025/7/8 8:35,0xa2fde623a85444a1dda70a08f1248e00a1855d74,0x47ebcf27421858d4019238620a44a4ea10ebb5d9,,0,0,0,3.60E-05,0.022978683,660.7,,,0xc0ea4b44
0xba687959f0227ced67761db4d7b327e2241e5edddb27ad8763e0485132389bdc,53287912,1751963757,2025/7/8 8:35,0xa2fde623a85444a1dda70a08f1248e00a1855d74,0x0ba6d224169bbfad4eb2d38c500d2c8e8ede696c,,0,0,0,4.21E-05,0.026906076,660.7,,,Swap
0x61537e005a14a52a0a43b5d378761223e37bbf3667abb46aabb16c81a31c878d,53287923,1751963765,2025/7/8 8:36,0xa2fde623a85444a1dda70a08f1248e00a1855d74,0x47ebcf27421858d4019238620a44a4ea10ebb5d9,,0,0,0,3.60E-05,0.022980441,660.7,,,0xc0ea4b44
0x725fa62102c8ea545c46ae5ce83775e853b5f519d66d16de28a310c9c6b5a3b8,53287939,1751963777,2025/7/8 8:36,0xa2fde623a85444a1dda70a08f1248e00a1855d74,0x0ba6d224169bbfad4eb2d38c500d2c8e8ede696c,,0,0,0,4.21E-05,0.026906076,660.7,,,Swap
0xe3682f8c72bb5ed2839d064c102f51a2425ebfc8e92b61a5bfd2485327553b03,53287954,1751963788,2025/7/8 8:36,0xa2fde623a85444a1dda70a08f1248e00a1855d74,0x0ba6d224169bbfad4eb2d38c500d2c8e8ede696c,,0,0,0,0.000040708,0.0260173,660.7,,,Swap
0xe47f0e6032e0b28fa0d6368649162a9c9be6dda261d6bf753bc035600d697a4f,53287966,1751963797,2025/7/8 8:36,0xa2fde623a85444a1dda70a08f1248e00a1855d74,0x47ebcf27421858d4019238620a44a4ea10ebb5d9,,0,0,0,3.50E-05,0.022349549,660.7,,,0xc0ea4b44
0xf58ff00c15aeb90742afedb237dd449a4bc9bd5c4f41d6e0455a70592c001553,53287985,1751963811,2025/7/8 8:36,0xa2fde623a85444a1dda70a08f1248e00a1855d74,0x47ebcf27421858d4019238620a44a4ea10ebb5d9,,0,0,0,3.60E-05,0.022979802,660.7,,,0xc0ea4b44
0xc6001f93a778564fc4aefe2bb5d62e2a2ce24deb59ed7ab61be2ca6286581d88,53288000,1751963823,2025/7/8 8:37,0xa2fde623a85444a1dda70a08f1248e00a1855d74,0x47ebcf27421858d4019238620a44a4ea10ebb5d9,,0,0,0,3.92E-05,0.025028821,660.7,,,0xc0ea4b44
0xb41c1e4a8eabc23b5deb01460edf73659db0abe7a8ca92f9dd533adaa1cba4c5,53288077,1751963880,2025/7/8 8:38,0xa2fde623a85444a1dda70a08f1248e00a1855d74,0x0ba6d224169bbfad4eb2d38c500d2c8e8ede696c,,0,0,0,4.10E-05,0.026195774,660.7,,,Swap
0x5d7433379e2227e29a9ca6b4d401a2733fccebb7f01b8b2f99bd362d22a2a8f2,53288089,1751963889,2025/7/8 8:38,0xa2fde623a85444a1dda70a08f1248e00a1855d74,0x47ebcf27421858d4019238620a44a4ea10ebb5d9,,0,0,0,4.71E-05,0.030073715,660.7,,,0xc0ea4b44
0x35a4d97076fab0ae966805383b2123d31988ac4501f42798b399ff624921140a,53288101,1751963898,2025/7/8 8:38,0xa2fde623a85444a1dda70a08f1248e00a1855d74,0x47ebcf27421858d4019238620a44a4ea10ebb5d9,,0,0,0,3.50E-05,0.022351627,660.7,,,0xc0ea4b44
0x2ca60f2c2eeba6e2dde43979154fa26421c7e32219a29bff8d400d7fe97efd51,53288117,1751963910,2025/7/8 8:38,0xa2fde623a85444a1dda70a08f1248e00a1855d74,0x47ebcf27421858d4019238620a44a4ea10ebb5d9,,0,0,0,4.02E-05,0.025687993,660.7,,,0xc0ea4b44
0xfe3640309b6df2efde1ccf8c64d89a78cd228bd2b234a4633baf13bd8829d73c,53288131,1751963921,2025/7/8 8:38,0xa2fde623a85444a1dda70a08f1248e00a1855d74,0x47ebcf27421858d4019238620a44a4ea10ebb5d9,,0,0,0,4.02E-05,0.025688952,660.7,,,0xc0ea4b44
0x8b7aead3537f073d8923d173ee0eba37026137e58726c0f197842084bbbb6866,53288142,1751963929,2025/7/8 8:38,0xa2fde623a85444a1dda70a08f1248e00a1855d74,0x47ebcf27421858d4019238620a44a4ea10ebb5d9,,0,0,0,4.36E-05,0.027896233,660.7,,,0xc0ea4b44
0x2826eb3fc92ecb387d8384fb82ada88174bee6a30b871ae5b0eac0c369e30347,53290472,1751965677,2025/7/8 9:07,0xa2fde623a85444a1dda70a08f1248e00a1855d74,0x3a8d566c0d2bf73e318f1bbf8be605d9051e8bcb,,0,191.5,122391.4932,0.000002625,0.00167769,660.7,,,Transfer
0x2552a2b85cf2ae32600862fd811398186376011664d858ad18304a8caf2bd48b,60206644,1757153496,2025/9/6 10:11,0xa2fde623a85444a1dda70a08f1248e00a1855d74,0x8f0eb8903aae4d170aafb84f5fdb3805008ab439,,0,0,0,1.49E-05,0.009493426,861.23,,,Batch Claim Token
0xd4d9546e7070c2a5c60657bcc0d2a459d9421b2fbda1d92a25eb9327cea3d51b,64111333,1760082946,2025/10/10 7:55,0xa2fde623a85444a1dda70a08f1248e00a1855d74,0x8f0eb8903aae4d170aafb84f5fdb3805008ab439,,0,0,0,7.43E-06,0.004746713,1104.11,,,Batch Claim Token
0x4d883ecfce24476e8868032d52622d5b9e3f98ba224674fe60d6171686755ea1,64111394,1760082991,2025/10/10 7:56,0xa2fde623a85444a1dda70a08f1248e00a1855d74,0x8f0eb8903aae4d170aafb84f5fdb3805008ab439,,0,0,0,7.43E-06,0.004746713,1104.11,,,Batch Claim Token
