Transaction Hash,Blockno,UnixTimestamp,DateTime (UTC),From,To,ContractAddress,Amount,Value_OUT(BNB),CurrentValue @ $637.173333693879/BNB,TxnFee(BNB),TxnFee(USD),Historical $Price/BNB,Status,ErrCode,Method
0x27f78e4303f750d656c8c4b02d667d280b5c1d37f437d5ef6befb3e58e06af19,48487720,1745045348,2025/4/19 6:49,0xf5988713400da6fc8a58ec9515e2b0df9b40b115,0xe67bb1a9c2630d9258cf5b12c7ed744c14f56edb,,0.01,0,6.371733337,0.00003465,0.022078056,591.6,,,Transfer
0x607f4a286f78f4d0ce76425d793211b96dd2615bdfc58ecd276aa9f05a7c1d76,48832921,1745992341,2025/4/30 5:52,0xf5988713400da6fc8a58ec9515e2b0df9b40b115,0xe67bb1a9c2630d9258cf5b12c7ed744c14f56edb,,0.0072,0,4.587648003,0.0000315,0.02007096,599.87,,,Transfer
0x0f4d0e89f435d60994b2e11a94074f8cf42838dfeb33f15f97de27e928ef12b3,49195248,1746535946,2025/5/6 12:52,0xe67bb1a9c2630d9258cf5b12c7ed744c14f56edb,0x8f0eb8903aae4d170aafb84f5fdb3805008ab439,,0,0,0,0.000145158,0.092490488,602.71,,,Batch Claim Token
0x1a7a00a5431d61645592dacb95b4487b44269082a4fb6d6d6c0a4d7261eeb399,49195270,1746535979,2025/5/6 12:52,0xe67bb1a9c2630d9258cf5b12c7ed744c14f56edb,0xd82544bf0dfe8385ef8fa34d67e6e4940cc63e16,,0,0,0,8.75738E-05,0.055799658,602.71,,,Approve
0x6f668e3474cafaefe470cfca1d37e0bacf7125739380d838aaf05a2bd6227886,49195276,1746535988,2025/5/6 12:53,0xe67bb1a9c2630d9258cf5b12c7ed744c14f56edb,0xd1ca1f4dbb645710f5d5a9917aa984a47524f49a,,0,0,0,0.000546446,0.348180979,602.71,,,Swap
0xb5932c25c59ed2cfc68ebd5625325c412f4b0c2b10b44ac931aabc2349aebf8b,49195284,1746536000,2025/5/6 12:53,0xe67bb1a9c2630d9258cf5b12c7ed744c14f56edb,0xd1ca1f4dbb645710f5d5a9917aa984a47524f49a,,0,0,0,0.000448995,0.286087641,602.71,,,Swap
0x30944f7fd6fc01c89e77e56c0c33dd0f4015846b7467a3fa6c724412f410e485,49195315,1746536047,2025/5/6 12:54,0xe67bb1a9c2630d9258cf5b12c7ed744c14f56edb,0xd1ca1f4dbb645710f5d5a9917aa984a47524f49a,,0,0,0,0.000519408,0.330952608,602.71,,,Swap
0x072349d44ce1b14d07c7698e7a985ac8e6d40ffebb158299fec247cf169e799b,49195394,1746536165,2025/5/6 12:56,0xe67bb1a9c2630d9258cf5b12c7ed744c14f56edb,0x6a92aa863e5e43d2ddd03cf4fe69fb4866e12913,,0,41.4,26378.97601,0.00002625,0.0167258,602.71,,,Transfer
0x338f99e89292414dd1f1f29bd2c6cc861c59356ac1738695261039004a787a75,51256806,1749629298,2025/6/11 8:08,0xe67bb1a9c2630d9258cf5b12c7ed744c14f56edb,0x8f0eb8903aae4d170aafb84f5fdb3805008ab439,,0,0,0,1.48544E-05,0.009464796,667.63,,,Batch Claim Token
0x8e38084d0c49b803c1781791578a84530fe081de1453d05661f929020c0c61a3,51846948,1750514731,2025/6/21 14:05,0xe67bb1a9c2630d9258cf5b12c7ed744c14f56edb,0xd82544bf0dfe8385ef8fa34d67e6e4940cc63e16,,0,0,0,8.75738E-06,0.005579966,629.54,,,Approve
0x2815dd5106dd8e87d9652a13df647f9365928e06087f361599ca5b3e2f66a76b,51846951,1750514735,2025/6/21 14:05,0xe67bb1a9c2630d9258cf5b12c7ed744c14f56edb,0x47ebcf27421858d4019238620a44a4ea10ebb5d9,,0,0,0,3.35658E-05,0.021387201,629.54,,,0xc0ea4b44
0x511441039db7fe571b653bc2f8f081c457c7e50d52e414ff7ac79033535fd7b7,51847190,1750515094,2025/6/21 14:11,0xe67bb1a9c2630d9258cf5b12c7ed744c14f56edb,0x47ebcf27421858d4019238620a44a4ea10ebb5d9,,0,0,0,3.27995E-05,0.020898967,629.54,,,0xc0ea4b44
0x5b10cde487c4af39435e11e4a4f87413f8f857bbbb0f30f5139c8f39f8db8534,51847241,1750515170,2025/6/21 14:12,0xe67bb1a9c2630d9258cf5b12c7ed744c14f56edb,0x47ebcf27421858d4019238620a44a4ea10ebb5d9,,0,0,0,3.36963E-05,0.021470352,629.54,,,0xc0ea4b44
0xd2d3eeaebb178be9cbb2e27c0fe45251359c0e66b3f2e087da4295b2129802f9,51847311,1750515275,2025/6/21 14:14,0xe67bb1a9c2630d9258cf5b12c7ed744c14f56edb,0x47ebcf27421858d4019238620a44a4ea10ebb5d9,,0,0,0,3.18141E-05,0.020271112,629.54,,,0xc0ea4b44
0xce750dd4f03a862948fe783ebb9a3a628ed78a27d2e933a66a2bb91d73764a8f,51847371,1750515365,2025/6/21 14:16,0xe67bb1a9c2630d9258cf5b12c7ed744c14f56edb,0x47ebcf27421858d4019238620a44a4ea10ebb5d9,,0,0,0,3.18141E-05,0.020271112,629.54,,,0xc0ea4b44
0x9d7ad8a5f6271c20b3420406e7814ec9d7056136694a36dbcfb60d59dcde79fa,51847481,1750515530,2025/6/21 14:18,0xe67bb1a9c2630d9258cf5b12c7ed744c14f56edb,0x47ebcf27421858d4019238620a44a4ea10ebb5d9,,0,0,0,3.27928E-05,0.020894666,629.54,,,0xc0ea4b44
0xacc449bf420b478c891fa715d791b7add00ddb20b7521a01369a5d702de959ce,51847530,1750515604,2025/6/21 14:20,0xe67bb1a9c2630d9258cf5b12c7ed744c14f56edb,0x47ebcf27421858d4019238620a44a4ea10ebb5d9,,0,0,0,0.000033693,0.021468281,629.54,,,0xc0ea4b44
0xa620c43604d8219b08b469390886af03b5aae4c997b065b3a551037de5676108,51847664,1750515805,2025/6/21 14:23,0xe67bb1a9c2630d9258cf5b12c7ed744c14f56edb,0x47ebcf27421858d4019238620a44a4ea10ebb5d9,,0,0,0,3.27945E-05,0.020895781,629.54,,,0xc0ea4b44
0x62cd3a965ff07270a58c9d11913de7ab54eef1ccb27cb6c56d5bd79fd0a104c8,51849778,1750518976,2025/6/21 15:16,0xe67bb1a9c2630d9258cf5b12c7ed744c14f56edb,0xb547b8f42ae1a5542357b2b838631c9d77628c23,,0,65.2,41543.70136,0.000002625,0.00167258,629.54,,,Transfer
0x4b8c7f9d13c452b225b848a92cc57e274db19352aa0044b3177446b92dffe23c,51849801,1750519010,2025/6/21 15:16,0xb547dba4487a156cc3b824492ac762e32b158c23,0xe67bb1a9c2630d9258cf5b12c7ed744c14f56edb,,0.000000652,0,0.000415437,0.0000021,0.001338064,629.54,,,Transfer
0x41ebcabe8afad0cb27061643dbc39f1c144c537b5d2892da2e0fa0b584ba9fc1,52678400,1751506595,2025/7/3 1:36,0xe67bb1a9c2630d9258cf5b12c7ed744c14f56edb,0x47ebcf27421858d4019238620a44a4ea10ebb5d9,,0,0,0,3.59184E-05,0.022886231,663.75,,,0xc0ea4b44
0x9342dd960f6dfa25b9493ce92f0686cce15ef14eb7a34138b1f9f8e0c9062825,52678424,1751506613,2025/7/3 1:36,0xe67bb1a9c2630d9258cf5b12c7ed744c14f56edb,0x47ebcf27421858d4019238620a44a4ea10ebb5d9,,0,0,0,3.91304E-05,0.024932831,663.75,,,0xc0ea4b44
0xbddab53933f5d408525fd4a2edfa8bb6069be4aaee85188c06c445a68b9f46bf,52678760,1751506865,2025/7/3 1:41,0xe67bb1a9c2630d9258cf5b12c7ed744c14f56edb,0xd82544bf0dfe8385ef8fa34d67e6e4940cc63e16,,0,0,0,8.75738E-06,0.005579966,663.75,,,Approve
0xd04a100c262eefc97b6ae8d6054e44d72aedcb108d2e5746ae1c8ab454c63113,52678767,1751506870,2025/7/3 1:41,0xe67bb1a9c2630d9258cf5b12c7ed744c14f56edb,0x0ba6d224169bbfad4eb2d38c500d2c8e8ede696c,,0,0,0,4.09426E-05,0.026087549,663.75,,,Swap
0xa7e2875477bf5e0367c3fcd2b61977d60ce8a1147e18b98035d450d17646fa43,52678969,1751507021,2025/7/3 1:43,0xe67bb1a9c2630d9258cf5b12c7ed744c14f56edb,0x47ebcf27421858d4019238620a44a4ea10ebb5d9,,0,0,0,3.18154E-05,0.020271909,663.75,,,0xc0ea4b44
0x1f408713b978eae42c6797f142273e9d3b4488ebca1167bab830b192c555174e,52679195,1751507191,2025/7/3 1:46,0xe67bb1a9c2630d9258cf5b12c7ed744c14f56edb,0x47ebcf27421858d4019238620a44a4ea10ebb5d9,,0,0,0,3.58775E-05,0.022860186,663.75,,,0xc0ea4b44
0x0831f98a1fa2d4ace80568c8cd0d8584321c8ba274271767f45bd3d6f62ecd9c,52679227,1751507215,2025/7/3 1:46,0xe67bb1a9c2630d9258cf5b12c7ed744c14f56edb,0x47ebcf27421858d4019238620a44a4ea10ebb5d9,,0,0,0,3.48921E-05,0.022232332,663.75,,,0xc0ea4b44
0xa172b030e7a9853e954d2a8ac3b432bc671496dbc7af1bef93cebc86136b6bac,52679379,1751507329,2025/7/3 1:48,0xe67bb1a9c2630d9258cf5b12c7ed744c14f56edb,0x47ebcf27421858d4019238620a44a4ea10ebb5d9,,0,0,0,3.48969E-05,0.022235358,663.75,,,0xc0ea4b44
0x8c03228714e25d4134c2e138873f0b00df96ea7638c6969d6c3206a82d35b7d1,52679448,1751507381,2025/7/3 1:49,0xe67bb1a9c2630d9258cf5b12c7ed744c14f56edb,0x0ba6d224169bbfad4eb2d38c500d2c8e8ede696c,,0,0,0,4.09356E-05,0.026083089,663.75,,,Swap
0xab918b074aad816b8f227e5f965a06ee4de8c15ad5020ea947a3e4befe391d01,52679513,1751507429,2025/7/3 1:50,0xe67bb1a9c2630d9258cf5b12c7ed744c14f56edb,0x0ba6d224169bbfad4eb2d38c500d2c8e8ede696c,,0,0,0,4.09394E-05,0.026085478,663.75,,,Swap
0xea9c6f79f69ec08129d09b866d0ef7cf18f0d5a0cb2744dc40f750d2c469e0d5,52679555,1751507461,2025/7/3 1:51,0xe67bb1a9c2630d9258cf5b12c7ed744c14f56edb,0x47ebcf27421858d4019238620a44a4ea10ebb5d9,,0,0,0,3.16834E-05,0.020187802,663.75,,,0xc0ea4b44
0x7fa6597c5d28a39837b06f303e3af17e1abc9fb4427ff0b84938c882559350d2,52679603,1751507497,2025/7/3 1:51,0xe67bb1a9c2630d9258cf5b12c7ed744c14f56edb,0x0ba6d224169bbfad4eb2d38c500d2c8e8ede696c,,0,0,0,4.26315E-05,0.027163655,663.75,,,Swap
0x2c4d2350dad8c6445a26f0b9c0ff97dbbcae765a5b328fb2e43c25285737858e,52679634,1751507520,2025/7/3 1:52,0xe67bb1a9c2630d9258cf5b12c7ed744c14f56edb,0x0ba6d224169bbfad4eb2d38c500d2c8e8ede696c,,0,0,0,4.27583E-05,0.027244417,663.75,,,Swap
0xec2a7bb941f291153f5457a24a6d3ffeae0b930fbb0cf21ad899c3c6e92f8101,52679747,1751507605,2025/7/3 1:53,0xe67bb1a9c2630d9258cf5b12c7ed744c14f56edb,0x0ba6d224169bbfad4eb2d38c500d2c8e8ede696c,,0,0,0,4.09406E-05,0.026086275,663.75,,,Swap
0x25ec5dc3fcbaea0447c80ee179771bbd156b5023f4b2c1b80f4ec10a7e60691e,52679771,1751507623,2025/7/3 1:53,0xe67bb1a9c2630d9258cf5b12c7ed744c14f56edb,0x47ebcf27421858d4019238620a44a4ea10ebb5d9,,0,0,0,3.48936E-05,0.022233287,663.75,,,0xc0ea4b44
0xd807c28bb6cc4c48d44ac573387d3df16625ec7ce427746d41650b0f36e6d31a,52679798,1751507643,2025/7/3 1:54,0xe67bb1a9c2630d9258cf5b12c7ed744c14f56edb,0x0ba6d224169bbfad4eb2d38c500d2c8e8ede696c,,0,0,0,4.09379E-05,0.026084522,663.75,,,Swap
0x7a02418429ffce5a182cf8caee7504cc6fe29387bc90f65ac39ab85082f4c06e,52679829,1751507666,2025/7/3 1:54,0xe67bb1a9c2630d9258cf5b12c7ed744c14f56edb,0x47ebcf27421858d4019238620a44a4ea10ebb5d9,,0,0,0,3.27945E-05,0.020895781,663.75,,,0xc0ea4b44
0xf6678837fdedc3fd9ab31a774fa6a83c62154c5affc35d93f73fb64df480894c,52681175,1751508676,2025/7/3 2:11,0xe67bb1a9c2630d9258cf5b12c7ed744c14f56edb,0x7c92bcc44d478dacef96a5387a08c84a9f54c2cf,,0,77.5,49380.93336,0.000002625,0.00167258,663.75,,,Transfer
0x5b60c54a4ed23c7bc04b6b334bba4f4a2cf080a8da53cb37acfdd72f325daf88,53150806,1751860921,2025/7/7 4:02,0xe67bb1a9c2630d9258cf5b12c7ed744c14f56edb,0x8f0eb8903aae4d170aafb84f5fdb3805008ab439,,0,0,0,1.48544E-05,0.009464796,661.03,,,Batch Claim Token
0x2941988346495e64ff16bbe706bf068939a6c1aa6f3b969d131afe7ff0b3729a,53273076,1751952629,2025/7/8 5:30,0xe67bb1a9c2630d9258cf5b12c7ed744c14f56edb,0x0ba6d224169bbfad4eb2d38c500d2c8e8ede696c,,0,0,0,4.38796E-05,0.027958927,660.7,,,Swap
0x13fdf5d82bcad9f86aeaa75db02d6676dd13e4775869dec356deb3957f121d42,53273337,1751952825,2025/7/8 5:33,0xe67bb1a9c2630d9258cf5b12c7ed744c14f56edb,0x6785c666e8caaa074d7eb94d4791d78e6de270bf,,0,15.38,9799.725872,0.000002625,0.00167258,660.7,,,Transfer
0x4a4943ccb3d37098ea73924dcf570da493dbd51bc3f06cd6cf0201c7d383ef17,53277298,1751955795,2025/7/8 6:23,0xe67bb1a9c2630d9258cf5b12c7ed744c14f56edb,0x47ebcf27421858d4019238620a44a4ea10ebb5d9,,0,0,0,3.59055E-05,0.022878027,660.7,,,0xc0ea4b44
0xbd0552f909a8d3e4778f487d9d9d97c05b75bae0018b782976bc7035fd1102b8,53277311,1751955805,2025/7/8 6:23,0xe67bb1a9c2630d9258cf5b12c7ed744c14f56edb,0x47ebcf27421858d4019238620a44a4ea10ebb5d9,,0,0,0,3.49226E-05,0.022251765,660.7,,,0xc0ea4b44
0x868cdfedadf702df0ee878cf6de4396628b4ee98223efa3747fa0270d62cdcf4,53277325,1751955816,2025/7/8 6:23,0xe67bb1a9c2630d9258cf5b12c7ed744c14f56edb,0x47ebcf27421858d4019238620a44a4ea10ebb5d9,,0,0,0,3.18346E-05,0.020284174,660.7,,,0xc0ea4b44
0xb74b9794eba10e282fb5d845a7cfed50d6c87940deec889e837e6f3028192bcf,53277336,1751955824,2025/7/8 6:23,0xe67bb1a9c2630d9258cf5b12c7ed744c14f56edb,0x47ebcf27421858d4019238620a44a4ea10ebb5d9,,0,0,0,3.49241E-05,0.022252721,660.7,,,0xc0ea4b44
0x164b0d6796a8a679124d0d196d5d38542d21f27295ef024620a7796b1201540a,53277348,1751955833,2025/7/8 6:23,0xe67bb1a9c2630d9258cf5b12c7ed744c14f56edb,0x0ba6d224169bbfad4eb2d38c500d2c8e8ede696c,,0,0,0,4.10689E-05,0.026167992,660.7,,,Swap
0x43086af07af5faf1d42ecee6b15e017c77e18e2bfd66c65231abb49d2a09f7d3,53278021,1751956338,2025/7/8 6:32,0xe67bb1a9c2630d9258cf5b12c7ed744c14f56edb,0xb547b8f42ae1a5542357b2b838631c9d77628c23,,0,60.1,38294.11736,0.000002625,0.00167258,660.7,,,Transfer
0x1a6d4c6c336cb723c1e2091d4e6577ec93279fde866fb5b1dcbf687835c91f79,64235747,1760176269,2025/10/11 9:51,0xe67bb1a9c2630d9258cf5b12c7ed744c14f56edb,0x8f0eb8903aae4d170aafb84f5fdb3805008ab439,,0,0,0,7.42718E-06,0.004732398,1136.6,,,Batch Claim Token
0x644cc8ccf5f4d2509592591c8034d13a019f23b38109a38db1ca30ebc8c1e0d9,64235833,1760176334,2025/10/11 9:52,0xe67bb1a9c2630d9258cf5b12c7ed744c14f56edb,0x8f0eb8903aae4d170aafb84f5fdb3805008ab439,,0,0,0,7.42718E-06,0.004732398,1136.6,,,Batch Claim Token
0x0b283be1f2ca01418e1272fc9ace0e99f52a95904b4b2abed1e26a201be02e3c,64235918,1760176397,2025/10/11 9:53,0xe67bb1a9c2630d9258cf5b12c7ed744c14f56edb,0x8f0eb8903aae4d170aafb84f5fdb3805008ab439,,0,0,0,7.42718E-06,0.004732398,1136.6,,,Batch Claim Token
