Transaction Hash,Blockno,UnixTimestamp,DateTime (UTC),From,To,ContractAddress,Amount,Value_OUT(BNB),CurrentValue @ $637.968682464518/BNB,TxnFee(BNB),TxnFee(USD),Historical $Price/BNB,Status,ErrCode,Method
0x7f20e1898f4847a04b173fbfb18a06af0c3df64a3223e7d15f40e967fe4711bc,48487705,1745045303,2025/4/19 6:48,0xf5988713400da6fc8a58ec9515e2b0df9b40b115,0x27ecd507e4c2fafa1ef420e88194c8e594bea11e,,0.01,0,6.379686825,0.0000315,0.020096013,591.6,,,Transfer
0x04c493b5b8ffbe141300ac489aa62c001f515b5413a2fafb9e62faf11f447625,48770085,1745892618,2025/4/29 2:10,0xf5988713400da6fc8a58ec9515e2b0df9b40b115,0x27ecd507e4c2fafa1ef420e88194c8e594bea11e,,0.0057,0,3.63642149,0.00003465,0.022105615,600.9,,,Transfer
0xcf4b7dbbea744222456cebc5cb40d91c73287e4865c1163752e0ecc2f4ec05b7,49203283,1746548003,2025/5/6 16:13,0x27ecd507e4c2fafa1ef420e88194c8e594bea11e,0x8f0eb8903aae4d170aafb84f5fdb3805008ab439,,0,0,0,0.000145158,0.092605939,602.71,,,Batch Claim Token
0x910c01666e38f9fd50de8ee92011e20a0fd155b6a64f703194baed32f56bc54e,49203305,1746548036,2025/5/6 16:13,0x27ecd507e4c2fafa1ef420e88194c8e594bea11e,0xd82544bf0dfe8385ef8fa34d67e6e4940cc63e16,,0,0,0,8.75738E-05,0.05586931,602.71,,,Approve
0x20a5038f0176e9c33a2298debff170860ca77eb6809276f8e736e77ea17be4d6,49203308,1746548041,2025/5/6 16:14,0x27ecd507e4c2fafa1ef420e88194c8e594bea11e,0xd1ca1f4dbb645710f5d5a9917aa984a47524f49a,,0,0,0,0.000477781,0.304809475,602.71,,,Swap
0xe89e9c6f7098cdeec16f793d17cabc9a9f4a53ee4387672d298272469c0193ae,49203332,1746548077,2025/5/6 16:14,0x27ecd507e4c2fafa1ef420e88194c8e594bea11e,0xd1ca1f4dbb645710f5d5a9917aa984a47524f49a,,0,0,0,0.001015018,0.647549377,602.71,,,Swap
0xbc27003d793d138f0e004c6f37d92303860ed7777a54e5225c46067b62ca69ca,49203378,1746548146,2025/5/6 16:15,0x27ecd507e4c2fafa1ef420e88194c8e594bea11e,0x242500fa120018ec5285133e4c626410a9fac397,,0,34.65,22105.61485,0.00002625,0.016746678,602.71,,,Transfer
0x313ad9d72c5c604f30cf21ffbfaeed4feba0d5cbf65c5dbbeb4ebc16e5eedab1,49599675,1747142706,2025/5/13 13:25,0x27ecd507e4c2fafa1ef420e88194c8e594bea11e,0xd82544bf0dfe8385ef8fa34d67e6e4940cc63e16,,0,0,0,0.000046834,0.029878625,664.39,,,Transfer
0xd1c0d58acfa9cca51617a39d66357adc68689812da72f0661148f39e40d4f4b7,51256806,1749629298,2025/6/11 8:08,0x27ecd507e4c2fafa1ef420e88194c8e594bea11e,0x8f0eb8903aae4d170aafb84f5fdb3805008ab439,,0,0,0,1.74152E-05,0.01111032,667.63,,,Batch Claim Token
0xbfe312b138a1794e055b202096276a76419fcdcc6540a08318748eee014c314c,52492586,1751367225,2025/7/1 10:53,0x27ecd507e4c2fafa1ef420e88194c8e594bea11e,0xd82544bf0dfe8385ef8fa34d67e6e4940cc63e16,,0,0,0,8.75738E-06,0.005586931,646.5,,,Approve
0xab2c62ebf31838043ba6242fcbd733817c394286038daec42af40ce2230fac4b,52492591,1751367229,2025/7/1 10:53,0x27ecd507e4c2fafa1ef420e88194c8e594bea11e,0x0ba6d224169bbfad4eb2d38c500d2c8e8ede696c,,0,0,0,3.88465E-05,0.02478285,646.5,,,Swap
0xf77d44a4b7c924d4c2759c9306cf846a84adb80f190d169fdbb6bafe9976eeb0,52493638,1751368014,2025/7/1 11:06,0x27ecd507e4c2fafa1ef420e88194c8e594bea11e,0xf192caa88de21f3d765fa755ee887627b51695ff,,0,15,9569.530237,0.000002625,0.001674668,646.5,,,Transfer
0x13e0fa632a25fc3a4fd81ad94dbc39ebc0829021af5d01c7375ca3f70b3d835d,52687662,1751513543,2025/7/3 3:32,0x27ecd507e4c2fafa1ef420e88194c8e594bea11e,0xd82544bf0dfe8385ef8fa34d67e6e4940cc63e16,,0,0,0,8.75738E-06,0.005586931,663.75,,,Approve
0x6c545e8cd89c1f8a67d99d92f631ac191527f7ac61c7c732b5f9c7bc19480a69,52687667,1751513547,2025/7/3 3:32,0x27ecd507e4c2fafa1ef420e88194c8e594bea11e,0x47ebcf27421858d4019238620a44a4ea10ebb5d9,,0,0,0,3.49006E-05,0.022265506,663.75,,,0xc0ea4b44
0x37c2f41c54438716b127b69768c0543d31e0fde31d1a4f1691e3e11b40791990,52687690,1751513564,2025/7/3 3:32,0x27ecd507e4c2fafa1ef420e88194c8e594bea11e,0x0ba6d224169bbfad4eb2d38c500d2c8e8ede696c,,0,0,0,3.96815E-05,0.025315554,663.75,,,Swap
0xd01d44bf949536736538e4a566f2b2bd0e785f3295ac07818067af736d074c15,52687910,1751513729,2025/7/3 3:35,0x27ecd507e4c2fafa1ef420e88194c8e594bea11e,0x0ba6d224169bbfad4eb2d38c500d2c8e8ede696c,,0,0,0,3.88503E-05,0.024785243,663.75,,,Swap
0x248022dc04c3405e5986e32884f7f2689075bef7b94a622fd116d96773170156,52688103,1751513874,2025/7/3 3:37,0x27ecd507e4c2fafa1ef420e88194c8e594bea11e,0x47ebcf27421858d4019238620a44a4ea10ebb5d9,,0,0,0,3.18161E-05,0.020297691,663.75,,,0xc0ea4b44
0x911b1a280bb8a9fac953e919a46f2f0e15e6809c6da97363d32bd7466525b7e7,52688149,1751513909,2025/7/3 3:38,0x27ecd507e4c2fafa1ef420e88194c8e594bea11e,0x0ba6d224169bbfad4eb2d38c500d2c8e8ede696c,,0,0,0,4.19248E-05,0.026746678,663.75,,,Swap
0xb799c79514c9253a93007546ad25e83d5fe0b98170230fbd1e89f248d978311f,52688194,1751513943,2025/7/3 3:39,0x27ecd507e4c2fafa1ef420e88194c8e594bea11e,0x0ba6d224169bbfad4eb2d38c500d2c8e8ede696c,,0,0,0,4.09376E-05,0.026116923,663.75,,,Swap
0x1a8a41a0ffe86ba5af91b4a78b57302ac88161572568b9d398549d91780cfe4a,52688233,1751513972,2025/7/3 3:39,0x27ecd507e4c2fafa1ef420e88194c8e594bea11e,0x0ba6d224169bbfad4eb2d38c500d2c8e8ede696c,,0,0,0,4.20295E-05,0.026813505,663.75,,,Swap
0xc72bd7adc1bf43d68312eb859f87c68a7649d806a7463a90055d8394243eead3,52688572,1751514226,2025/7/3 3:43,0x27ecd507e4c2fafa1ef420e88194c8e594bea11e,0x47ebcf27421858d4019238620a44a4ea10ebb5d9,,0,0,0,3.18191E-05,0.020299605,663.75,,,0xc0ea4b44
0x122d8a5830d2398089313f441b66475f82698fbabe1f72c47b8d726b045ad854,52688604,1751514250,2025/7/3 3:44,0x27ecd507e4c2fafa1ef420e88194c8e594bea11e,0x47ebcf27421858d4019238620a44a4ea10ebb5d9,,0,0,0,3.48939E-05,0.022261199,663.75,,,0xc0ea4b44
0xfcddcdc3d10e2d06d1ce6e7dde914517de48740b63da1d7d11d01ac8febd7036,52688628,1751514268,2025/7/3 3:44,0x27ecd507e4c2fafa1ef420e88194c8e594bea11e,0x0ba6d224169bbfad4eb2d38c500d2c8e8ede696c,,0,0,0,3.78646E-05,0.024156445,663.75,,,Swap
0x92991b03230825b6083ed6ae220b3ceaed80fe8c168800baf7f1cacd7b9ee8e1,52688652,1751514286,2025/7/3 3:44,0x27ecd507e4c2fafa1ef420e88194c8e594bea11e,0x47ebcf27421858d4019238620a44a4ea10ebb5d9,,0,0,0,3.47684E-05,0.022181134,663.75,,,0xc0ea4b44
0xdfb7230dbe2a17348798ddf07280b0e48940066d71ed038d1a992dcaed6aae22,52688676,1751514304,2025/7/3 3:45,0x27ecd507e4c2fafa1ef420e88194c8e594bea11e,0x0ba6d224169bbfad4eb2d38c500d2c8e8ede696c,,0,0,0,4.09459E-05,0.026122186,663.75,,,Swap
0x58d9458876686b505748c5167f06d97c4d176785cf1ba0efa475851d01c82e5c,52689111,1751514630,2025/7/3 3:50,0x27ecd507e4c2fafa1ef420e88194c8e594bea11e,0x47ebcf27421858d4019238620a44a4ea10ebb5d9,,0,0,0,3.18124E-05,0.020295299,663.75,,,0xc0ea4b44
0x8bf869598e33fdff69f5f1114d63136fe662570e54dc94912c96bc0a6e7a0d28,52689383,1751514834,2025/7/3 3:53,0x27ecd507e4c2fafa1ef420e88194c8e594bea11e,0x5a665253398c276f0de66d4f812e28fe792df0ac,,0,77.6,49506.36976,0.000002625,0.001674668,663.75,,,Transfer
0xe4fcd28fe044dd37ec67db3d7a06c3bee3e33e5b25eeaee8a19ee067ef151a58,53150643,1751860799,2025/7/7 3:59,0x27ecd507e4c2fafa1ef420e88194c8e594bea11e,0x8f0eb8903aae4d170aafb84f5fdb3805008ab439,,0,0,0,1.48502E-05,0.009473931,661.03,,,Batch Claim Token
0x841f614e98b574dfbecead8f017ae259a6b1a273b46a50ea5afc93d59a233ebb,53273791,1751953165,2025/7/8 5:39,0x27ecd507e4c2fafa1ef420e88194c8e594bea11e,0x47ebcf27421858d4019238620a44a4ea10ebb5d9,,0,0,0,3.59093E-05,0.022908977,660.7,,,0xc0ea4b44
0xe9147a77997228ddc8c29b4a4624cc32495c50eb4a40c60559bfde052a1fcc25,53273858,1751953215,2025/7/8 5:40,0x27ecd507e4c2fafa1ef420e88194c8e594bea11e,0x5a665253398c276f0de66d4f812e28fe792df0ac,,0,13.55,8644.475647,0.000002625,0.001674668,660.7,,,Transfer
0x82f66a88d971fd82c5bff905dcfba7552de15c4e65d64fcfc16ed0d2cbf4b993,53278587,1751956762,2025/7/8 6:39,0x27ecd507e4c2fafa1ef420e88194c8e594bea11e,0x0ba6d224169bbfad4eb2d38c500d2c8e8ede696c,,0,0,0,4.38751E-05,0.027990956,660.7,,,Swap
0xaf860bcc6aece9ca285a39b01e5e5bf2d626c4daad0e6f4a3dfa04f4b3dab3e3,53278603,1751956774,2025/7/8 6:39,0x27ecd507e4c2fafa1ef420e88194c8e594bea11e,0x47ebcf27421858d4019238620a44a4ea10ebb5d9,,0,0,0,3.59085E-05,0.022908498,660.7,,,0xc0ea4b44
0x2e4da2d73a843dc5c941b4e13069d17b7b4b4a7b802a26078fe4cc055e963481,53278683,1751956834,2025/7/8 6:40,0x27ecd507e4c2fafa1ef420e88194c8e594bea11e,0x8a5e025aeed2973b5c81c770363b99bbe177465e,,0,27.5,17544.13877,0.000002625,0.001674668,660.7,,,Transfer
0x2f23e4170c8342e95a25f3e41712c7fd9d38a35b2d26c0629ebcd28dc9678e30,53292004,1751966826,2025/7/8 9:27,0x27ecd507e4c2fafa1ef420e88194c8e594bea11e,0x0ba6d224169bbfad4eb2d38c500d2c8e8ede696c,,0,0,0,4.63443E-05,0.02956618,660.7,,,Swap
0xeba7252f674d0e21826e1c9524897e337b2837e32df10a638564434d0f479fe0,53292016,1751966835,2025/7/8 9:27,0x27ecd507e4c2fafa1ef420e88194c8e594bea11e,0x47ebcf27421858d4019238620a44a4ea10ebb5d9,,0,0,0,4.70571E-05,0.030020972,660.7,,,0xc0ea4b44
0x88140aaf42fd286d60d9f8a2c4c667e3ebee21ab5ea606864e879bd417e17137,53292028,1751966844,2025/7/8 9:27,0x27ecd507e4c2fafa1ef420e88194c8e594bea11e,0x47ebcf27421858d4019238620a44a4ea10ebb5d9,,0,0,0,4.70516E-05,0.030017463,660.7,,,0xc0ea4b44
0x51cfd79605e7e72ece65f31e3aeb28bcfcd64a96887fcb4c4cc6b7e8aabe7a3a,53292041,1751966853,2025/7/8 9:27,0x27ecd507e4c2fafa1ef420e88194c8e594bea11e,0x0ba6d224169bbfad4eb2d38c500d2c8e8ede696c,,0,0,0,5.50218E-05,0.035102153,660.7,,,Swap
0xd547a6185834f9c9241b44c348e8531c9e016fc5fff9d9bb6756ffae9e5602c8,53292056,1751966865,2025/7/8 9:27,0x27ecd507e4c2fafa1ef420e88194c8e594bea11e,0x47ebcf27421858d4019238620a44a4ea10ebb5d9,,0,0,0,4.69314E-05,0.029940747,660.7,,,0xc0ea4b44
0xae9be547e4513c40870b2642046d22cd250085c04278a450f0b1d7d7b4a6f9ef,53292076,1751966880,2025/7/8 9:28,0x27ecd507e4c2fafa1ef420e88194c8e594bea11e,0x47ebcf27421858d4019238620a44a4ea10ebb5d9,,0,0,0,4.70564E-05,0.030020494,660.7,,,0xc0ea4b44
0x7fd021901fbcb0a4227c79a9d2eb5fb1c04678946cf8e5b64a6ba5246707316b,53292087,1751966888,2025/7/8 9:28,0x27ecd507e4c2fafa1ef420e88194c8e594bea11e,0x0ba6d224169bbfad4eb2d38c500d2c8e8ede696c,,0,0,0,5.50215E-05,0.035101994,660.7,,,Swap
0xb5d389751b3e45d06c9967e2de29fc0b9c3c86f741d40b27c79147dd3c376885,53292100,1751966898,2025/7/8 9:28,0x27ecd507e4c2fafa1ef420e88194c8e594bea11e,0x47ebcf27421858d4019238620a44a4ea10ebb5d9,,0,0,0,4.70601E-05,0.030022886,660.7,,,0xc0ea4b44
0xb459e7ce6d7f89121f211bb2cf9109fab4a6d372ac9012b9808a563684bb7626,53292112,1751966907,2025/7/8 9:28,0x27ecd507e4c2fafa1ef420e88194c8e594bea11e,0x0ba6d224169bbfad4eb2d38c500d2c8e8ede696c,,0,0,0,5.50273E-05,0.035105662,660.7,,,Swap
0x4a79e04400d42441e92172697878b25625c70569c9b878768107a20e088abc4e,53292329,1751967069,2025/7/8 9:31,0x27ecd507e4c2fafa1ef420e88194c8e594bea11e,0x46d2e50cd464324bd962a3f99d1cb9d88b5bbbdd,,0,130.9,83510.10053,0.000002625,0.001674668,660.7,,,Transfer
0xf7dce47681168e8a03082b96da61b2dd0b7e6c62aa78d79497de8f6d249075b6,60402078,1757300095,2025/9/8 2:54,0x27ecd507e4c2fafa1ef420e88194c8e594bea11e,0x8f0eb8903aae4d170aafb84f5fdb3805008ab439,,0,0,0,1.48502E-05,0.009473931,878.11,,,Batch Claim Token
0x7b01a512ba05c23b08ce2b4c7517339d4641cbc31ce6e9809dcf21b43f3eabfa,64102496,1760076314,2025/10/10 6:05,0x27ecd507e4c2fafa1ef420e88194c8e594bea11e,0x8f0eb8903aae4d170aafb84f5fdb3805008ab439,,0,0,0,7.42508E-06,0.004736965,1104.11,,,Batch Claim Token
0xa690b865739073aaa6890864e97d6f2d151e2099a78299d5db1274bedd8bdeb4,64102580,1760076377,2025/10/10 6:06,0x27ecd507e4c2fafa1ef420e88194c8e594bea11e,0x8f0eb8903aae4d170aafb84f5fdb3805008ab439,,0,0,0,7.42508E-06,0.004736965,1104.11,,,Batch Claim Token
