Transaction Hash,Status,Method,BlockNo,DateTime (UTC),From,From_Nametag,To,To_Nametag,Amount,Value (USD),Token
0x4f563867c455b86f4a1dc9398854d247b754b43fd136392a9ccc9ef20df9625e,Success,Harvest Pool,66312972,2025/10/29 11:00,0x3b1ff4d03190021365ab5cabda1230f922f99ddf,,0xb331eb6a824a0db3fe32ab7a5392c786c9ff4921,,255.46728,$133.41 ,Pieverse Token(PIEVERSE)
0x323ebf2395e1f24be20c39ec8f0175d0cbb4b4d2e3379e21ecf5f223f6e9d1a6,Success,0x8c250750,66069485,2025/10/27 8:15,0x6ad7b553d3622c7d1ccfe702e5a8bc7e22d9f848,,0xb331eb6a824a0db3fe32ab7a5392c786c9ff4921,,"1,000",$0.00 ,ERC20 ***
0xfa5f1c30eb868aa86d6b0619f00c9703c3011af8920cfeeb8c9f588eb4b50a5e,Success,0x810c705b,66069314,2025/10/27 8:13,0xb331eb6a824a0db3fe32ab7a5392c786c9ff4921,,0xb300000b72deaeb607a12d5f54773d1c19c7028d,Binance: DEX Router,48.938,$0.00 ,BEP-20: ZEROBASE(ZBT)
0x2f9303360e93f7777c1ef4ba543b57c3383ea26403a87c7c6054e24296fd6f79,Success,Batch Transfer ERC20,66069272,2025/10/27 8:13,0x7fcbd9d429932a11884cb5ce9c61055b369f56f7,,0xb331eb6a824a0db3fe32ab7a5392c786c9ff4921,,48.938,$0.00 ,BEP-20: ZEROBASE(ZBT)
0xf5b5863dd34683c99b2e8974396591792fecdf8342ea030f6c911e03365da6a0,Success,Airdrop,65692418,2025/10/24 1:42,0x0acc89fcccdf14f2e729ddc2771e1c4101889991,,0xb331eb6a824a0db3fe32ab7a5392c786c9ff4921,,2,$0.00 ,BEP-20: 币安狗(币安狗)
0x9ed06b4eb2b8c690c5493e21fb356225fa41786e98c27a0d15194f9e9454112a,Success,Transfer,65692283,2025/10/24 1:40,0xb331eb6a824a0db3fe32ab7a5392c786c9ff4921,,0x6d9fb3bc28a398a6d30648fd8ae22993e9722ec3,,0,$0.00 ,Binance-Peg BSC-USD(BSC-USD)
0x1f5614f028e62b87aca5e07350a217e274d00f50b69a49dc9c8da80550206ef7,Success,Transfer,65692206,2025/10/24 1:39,0xb331eb6a824a0db3fe32ab7a5392c786c9ff4921,,0x6d9fd03bb89c9edd01ab303445a5d00086632ec3,,0,$0.00 ,Binance-Peg BSC-USD(BSC-USD)
0x80b751a852853bfca23fc14bcf8d7692f461603f24d7ec45d1fc0bed44d1b287,Success,Transfer,65690925,2025/10/24 1:23,0xb331eb6a824a0db3fe32ab7a5392c786c9ff4921,,0x6d9fb3bc28a398a6d30648fd8ae22993e9722ec3,,0,$0.00 ,Binance-Peg BSC-USD(BSC-USD)
0xd9e25d4405138787efa8cb04bbf97022c68b9bdf03be589ee3c8c3aedd95ea42,Success,Transfer,65690878,2025/10/24 1:22,0xb331eb6a824a0db3fe32ab7a5392c786c9ff4921,,0x67f57c249125574ba9643a47813c962611502ec3,,"3,012.91",$0.00 ,BEP-20: U5DT(U5DT)
0x6487081d5372dd6735cd58c5d79421921d3e274b24589dd7b100f3ec2d246525,Success,Transfer,65690878,2025/10/24 1:22,0xb331eb6a824a0db3fe32ab7a5392c786c9ff4921,,0x67f57c249125574ba9643a47813c962611502ec3,,0,$0.00 ,Binance-Peg BSC-USD(BSC-USD)
0xab6d294aab04b846a74a84ab7e89efc2f9552760f579e3586546f8599f612202,Success,Transfer,65690851,2025/10/24 1:22,0xb331eb6a824a0db3fe32ab7a5392c786c9ff4921,,0x6d9fb929b016dd0daa0730dda4a2cc1ecf502ec3,,"3,012.91","$3,010.05 ",Binance-Peg BSC-USD(BSC-USD)
0x35030e203afccdac3fcc8b57f40eead7d85e49bb9b714bc67a14023832c0e64a,Success,Claim_41202704,65690183,2025/10/24 1:14,0xe2c7925b1173013a59b8573daa3eda6c613ded45,,0xb331eb6a824a0db3fe32ab7a5392c786c9ff4921,,"3,012.91","$3,010.05 ",Binance-Peg BSC-USD(BSC-USD)
0x570d62675f933eb19ccfb9b729c6baa5394ea4c8ad8ff19ec3960203216ad402,Success,0x810c705b,65617248,2025/10/23 10:02,0xb331eb6a824a0db3fe32ab7a5392c786c9ff4921,,0xb300000b72deaeb607a12d5f54773d1c19c7028d,Binance: DEX Router,201.80379,$0.00 ,BEP-20: aPriori(APR)
0x612e112aa09bfad6503d8d6b8415c9bbb8b7dcec5afb8282a66bd5a5e84b0f0e,Success,Harvest Pool,65617211,2025/10/23 10:01,0x35da2699a8940524ca3b624f2828d1c8136c5455,,0xb331eb6a824a0db3fe32ab7a5392c786c9ff4921,,201.80379,$0.00 ,BEP-20: aPriori(APR)
0x7e80d766ebb2f1fa06a36d970eceaa6cf3aa6020f2a98e660bd3888eacc36040,Success,Batch Transfer,65609101,2025/10/23 8:20,0x5cbc068952d12c9af08369e8be93210681168a3d,,0xb331eb6a824a0db3fe32ab7a5392c786c9ff4921,,777,$0.00 ,BEP-20: WCOIN(Crypto Casino https://wcoingame.com/)
0x30444a70921785b6a90d919fab888671b3177a25a44f9247f46eed8015393333,Success,0x60806040,65337527,2025/10/20 23:45,0xd99440c92aab52d5eb01e4693f8f9e9520e521f4,Spam_Token79113,0xb331eb6a824a0db3fe32ab7a5392c786c9ff4921,,0.0000001,$0.00 ,Wrapped BNB(WBNB)
0xbe5342d05adfdfbbf0eef1783e9c5ab5c7efb9ad2ebf6d3a75e1f3c15df97fa6,Success,Airdrop,65185654,2025/10/19 16:06,0x333500c4d2436cf2b931bc834e89980a2d8e78f4,,0xb331eb6a824a0db3fe32ab7a5392c786c9ff4921,,2,$0.00 ,BEP-20: 币安支付(币安支付)
0xfd9cbc90f19ed377b12aad6904d869f8b00fb8ed892f1c3e1e0ca40f03d7c024,Success,Airdrop,65185447,2025/10/19 16:04,0xc742686dceae77b634355d61f1000ac1e0e36ba4,,0xb331eb6a824a0db3fe32ab7a5392c786c9ff4921,,9,$0.00 ,BEP-20: 修仙(修仙)
0x00767de5c2d0377c5f493bae3fbbc48519b6761a964b8c268e98a88bb031a7ed,Success,Airdrop,65185411,2025/10/19 16:03,0x3c9e61563876f403f42e288bf630897c7abe0c4c,,0xb331eb6a824a0db3fe32ab7a5392c786c9ff4921,,5,$0.00 ,BEP-20: 区块人生(区块人生)
0xe00ebc4f70bf28e43e011def396abb7dd799c725d5cb89f3b527ba531fc37d9f,Success,Airdrop,65185270,2025/10/19 16:01,0xe834242e009bb6906e894e466d87bb9be417a186,,0xb331eb6a824a0db3fe32ab7a5392c786c9ff4921,,3,$0.00 ,BEP-20: 哈基米(哈基米)
0x491b782719d531ee772786c4396a327a31e9a5053651fce3bd6510356a81daa7,Success,0x8c250750,65181522,2025/10/19 15:15,0x6ad7b553d3622c7d1ccfe702e5a8bc7e22d9f848,,0xb331eb6a824a0db3fe32ab7a5392c786c9ff4921,,"9,999",$0.00 ,BEP-20: 1BET(1BET)
0x642ac29eac4e5e4bc777812273c41a0b5f80f1fc34beb15952e6234141e915d6,Success,0x810c705b,65181481,2025/10/19 15:14,0xb331eb6a824a0db3fe32ab7a5392c786c9ff4921,,0xb300000b72deaeb607a12d5f54773d1c19c7028d,Binance: DEX Router,509.9247458,$0.09 ,REVIVE(RVV)
0x5140d98368074a6bc87f12f34432c5f44de37fa3be126afa0a35a974dbe4e501,Success,0x810c705b,65181254,2025/10/19 15:11,0xb331eb6a824a0db3fe32ab7a5392c786c9ff4921,,0xb300000b72deaeb607a12d5f54773d1c19c7028d,Binance: DEX Router,"1,801.68",$11.42 ,BNB Attestation(BAS)
0x5b8fc7e2ce3040430094b39569f86f04f17908fd1b284420a6b555653c5cafbf,Success,Claim V2,65181190,2025/10/19 15:10,0x317cd61fa24e2e4068b4c47bd58d5fc9f4e7a12b,,0xb331eb6a824a0db3fe32ab7a5392c786c9ff4921,,509.9247458,$0.09 ,REVIVE(RVV)
0x5b8fc7e2ce3040430094b39569f86f04f17908fd1b284420a6b555653c5cafbf,Success,Claim V2,65181190,2025/10/19 15:10,0x317cd61fa24e2e4068b4c47bd58d5fc9f4e7a12b,,0xb331eb6a824a0db3fe32ab7a5392c786c9ff4921,,"1,801.68",$11.42 ,BNB Attestation(BAS)
0x1d142279e128b1bac4c3e647eb19a5b9167c5dad7f3a166fb91a52cec2e6edca,Success,Airdrop,64945125,2025/10/17 13:39,0xf9df7fbdc7432363374c03a64646d32f34a3398a,,0xb331eb6a824a0db3fe32ab7a5392c786c9ff4921,,5,$0.00 ,BEP-20: 币安资本(币安资本)
0x84d5886d728a2092b6f050437ec60866c4849dd9a6d6fddbb78ef92d2d596cee,Success,0x8c250750,64944408,2025/10/17 13:30,0x6ad7b553d3622c7d1ccfe702e5a8bc7e22d9f848,,0xb331eb6a824a0db3fe32ab7a5392c786c9ff4921,,"2,333",$0.00 ,BEP-20: BABY 3(B3)
0xc8494acf1d62cbb61f58c56e254e54cf4a6020e8c5efc7fad435b79182b70388,Success,0x810c705b,64944329,2025/10/17 13:29,0xb331eb6a824a0db3fe32ab7a5392c786c9ff4921,,0xb300000b72deaeb607a12d5f54773d1c19c7028d,Binance: DEX Router,272.022,$15.84 ,Treehouse Token(TREE)
0x96ff8df7632ecd735a26f1d20861587245aa05df246315fbef8f97da85813eec,Success,Batch Transfer ERC20,64943294,2025/10/17 13:16,0x7fcbd9d429932a11884cb5ce9c61055b369f56f7,,0xb331eb6a824a0db3fe32ab7a5392c786c9ff4921,,272.022,$15.84 ,Treehouse Token(TREE)
0xaefbe82bbcacde225e3520cd3c36250ade72f3695942ee6f01f2473f047ff07a,Success,0x60806040,64941310,2025/10/17 12:52,0x87c5675214266e933d2fca059b2162969cf6e317,,0xb331eb6a824a0db3fe32ab7a5392c786c9ff4921,,"6,082.52",$0.00 ,metaplace.finance(MPC)
0xf8cb9195c19558f5526a2bddf37fff05fe0a558f65ac0a841bd71c8804ecc27a,Success,0x8c250750,64934070,2025/10/17 11:21,0x6ad7b553d3622c7d1ccfe702e5a8bc7e22d9f848,,0xb331eb6a824a0db3fe32ab7a5392c786c9ff4921,,500,$0.00 ,BEP-20: 4MEME(4MEME)
0xbd4504a1e44f9a7f7286d7bdc39cfd47ed8a03f84eae30e31634d9fdd89b5033,Success,0x810c705b,64933818,2025/10/17 11:18,0xb331eb6a824a0db3fe32ab7a5392c786c9ff4921,,0xb300000b72deaeb607a12d5f54773d1c19c7028d,Binance: DEX Router,135.392,$0.00 ,BEP-20: ZEROBASE(ZBT)
0x9192a6f23d0a9a66743e7bfbdf5ca610f5a6a843ac6498b62fe3cae5956ee4df,Success,Batch Transfer ERC20,64933787,2025/10/17 11:18,0x7fcbd9d429932a11884cb5ce9c61055b369f56f7,,0xb331eb6a824a0db3fe32ab7a5392c786c9ff4921,,135.392,$0.00 ,BEP-20: ZEROBASE(ZBT)
0xf53aacfcf1ef82c53cd2de780556592ca75a9f3cdbc9f3b6a5620636102b82de,Success,Request Claim_8135334,64847191,2025/10/16 17:15,0xb331eb6a824a0db3fe32ab7a5392c786c9ff4921,,0x0000000000000000000000000000000000000000,Null: 0x000...000,"2,862.75",$0.00 ,ERC20 ***
0xd126083b2aca073b6ba2d940f6a8474a9f23b2e153f22512b8bfd9be60508516,Success,0x810c705b,64589282,2025/10/14 11:31,0xb331eb6a824a0db3fe32ab7a5392c786c9ff4921,,0xb300000b72deaeb607a12d5f54773d1c19c7028d,Binance: DEX Router,657.93982,$147.30 ,LAB(LAB)
0x0711a018085b7585c8765024ed840f47803c026599e24cce209f6298238a8033,Success,Harvest Pool,64589237,2025/10/14 11:30,0x5029fa9818000abe8691b44b574079cc621afba6,,0xb331eb6a824a0db3fe32ab7a5392c786c9ff4921,,657.93982,$147.30 ,LAB(LAB)
0xb8ca55e436aa1becf4d47923978c74c7d1dd4a12c4797307838ee80f3e09120b,Success,Airdrop,64467638,2025/10/13 10:10,0x33886f3a92280284fa19314c650dfea41304f71b,,0xb331eb6a824a0db3fe32ab7a5392c786c9ff4921,,10,$0.00 ,BEP-20: 新币安人生(新币安人生)
0xd0d93b95cb3a4c6c88439fc20fb339b2e7a6d03b8093c4bf8afea4b0b677b056,Success,Airdrop,64467615,2025/10/13 10:09,0x70eb49deb3f0fa9d5a10c829776ce6342441d3fb,,0xb331eb6a824a0db3fe32ab7a5392c786c9ff4921,,10,$0.00 ,BEP-20: 币安火星(币安火星)
0x96e1578c0572bb061560780e74765be85ca580aecebf5c8553710f559460945b,Success,Airdrop,64467600,2025/10/13 10:09,0x36c0bda9fc1fda92e8222f4b3bec6199097f51ce,,0xb331eb6a824a0db3fe32ab7a5392c786c9ff4921,,10,$0.00 ,BEP-20: 中本AI(中本AI)
0x28aa43ac1185a1ced7a08172e2ae5715ffa60aedec609b06cd8629f88d00cadf,Success,Harvest Pool,64466987,2025/10/13 10:02,0x0000000000000000000000000000000000000000,Null: 0x000...000,0xb331eb6a824a0db3fe32ab7a5392c786c9ff4921,,164.452,$0.00 ,BEP-20: YB Key(YB Key)
0x7fbe5dbb330563b59c27127cf03a63689fe0a39b415d4b928c9696b5e7542d6d,Success,Airdrop,64466517,2025/10/13 9:56,0x26ca7aefbc73cb20364df9bba4fdf642c52a60e4,,0xb331eb6a824a0db3fe32ab7a5392c786c9ff4921,,2,$0.00 ,BEP-20: 币安AI(币安AI)
0x92004880caeaa8abab802585c2ab3da078c1bec26bbb6a83875d3a333a962d91,Success,Airdrop,64466073,2025/10/13 9:50,0x7701996420a116f25bd414c02381f6db698bf2eb,,0xb331eb6a824a0db3fe32ab7a5392c786c9ff4921,,2,$0.00 ,BEP-20: 币安人生(币安人生)
0x29f3d7ca752ae0fe30a95d7fde2107a4baef5f6536586f8bae8a5b63310747e9,Success,Airdrop,64465925,2025/10/13 9:48,0x52324c80c81a22a9568c28858bee3da5a9c73bf0,,0xb331eb6a824a0db3fe32ab7a5392c786c9ff4921,,5,$0.00 ,BEP-20: 数字人生(数字人生)
0x86fb69b3f9e93e121760455c9dbe94bc54c6fb007b28cb79574149438784d1db,Success,Airdrop,64465733,2025/10/13 9:46,0xc1789999e3a80f71cdaad44aa8521a0f5829d55b,,0xb331eb6a824a0db3fe32ab7a5392c786c9ff4921,,5,$0.00 ,BEP-20: AI人生(AI人生)
0x020d32d3aa68254106e16aea4eb9c59ce88ff092d43662625ab7fb0f0044f720,Success,0x8c250750,64464807,2025/10/13 9:34,0x6ad7b553d3622c7d1ccfe702e5a8bc7e22d9f848,,0xb331eb6a824a0db3fe32ab7a5392c786c9ff4921,,"1,000",$0.00 ,BEP-20: MEME INU(MEME)
0xb3587385b96f3a5331e82844783722286e5e278db74a1ce65b6c18fa49601798,Success,0x810c705b,64464651,2025/10/13 9:32,0xb331eb6a824a0db3fe32ab7a5392c786c9ff4921,,0xb300000b72deaeb607a12d5f54773d1c19c7028d,Binance: DEX Router,"3,003.44",$19.05 ,BNB Attestation(BAS)
0x9553211113748c610d40fe1644d73ad4f298da3891e5082b1922bce4ddcd2e16,Success,0x810c705b,64464570,2025/10/13 9:31,0xb300000b72deaeb607a12d5f54773d1c19c7028d,Binance: DEX Router,0xb331eb6a824a0db3fe32ab7a5392c786c9ff4921,,"3,003.44",$19.05 ,BNB Attestation(BAS)
0x81ec1027b7bc19709ccb3547bb3ba201f38a8a599d978c8e9b809f80c4b150e0,Success,Disperse Token Simple,63651554,2025/10/6 8:06,0xc779e354e0833b954753ea4e4784393a5c39172d,,0xb331eb6a824a0db3fe32ab7a5392c786c9ff4921,,"1,000",$0.00 ,BEP-20: ElonMusk Meme(ELON)
0xa7e4382b7d066a1d85e414f12633b4ed8cb6dd7b6d45d3e792c02374d4f9df70,Success,Disperse Token Simple,63651533,2025/10/6 8:05,0xc779e354e0833b954753ea4e4784393a5c39172d,,0xb331eb6a824a0db3fe32ab7a5392c786c9ff4921,,"10,000",$0.00 ,BEP-20: A(A)
0xabc6368924f98a2d00ce9d129074c382c3ab3444ee52717bef101e629d6efda1,Success,0x810c705b,63651067,2025/10/6 8:00,0xb331eb6a824a0db3fe32ab7a5392c786c9ff4921,,0xb300000b72deaeb607a12d5f54773d1c19c7028d,Binance: DEX Router,"3,219.51",$20.42 ,BNB Attestation(BAS)
0x9265559199c6801418ea0d7fc8a1d6657e1449e745382cfe556b42e85d21a75e,Success,Transfer,44083176,2024/11/17 7:57,0x29bdfbf7d27462a2d115748ace2bd71a2646946c,Binance: Hot Wallet 17,0xb331eb6a824a0db3fe32ab7a5392c786c9ff4921,,0.15 BNB,$90.80 ,0.000042
